Title,Price,Location,Bedrooms,Bathrooms,Size,Link
2 BED + MAIDS ROOM || LUXURY DUPLEX || BEST PRICE,,,,,,https://www.bayut.com/to-rent/property/dubai/
Spacious space / fully furnished / with Laundry Room,,,,,,https://www.bayut.com/to-rent/property/dubai/
Brand New!!! Semi Furnished Specious 2Bhk Apartment With Store Room All Amenities in Just 130K Call,,,,,,https://www.bayut.com/to-rent/property/dubai/
1 B/R Apartments with Balcony | Semi/Closed Kitchen | Al Warsan 4,,,,,,https://www.bayut.com/to-rent/property/dubai/
Ultra-modern Living | Brand New | Book Now,,,,,,https://www.bayut.com/to-rent/property/dubai/
Brand New | Spacious | Ready to Move In,,,,,,https://www.bayut.com/to-rent/property/dubai/
Vacant | Best Location | High Floor | BLVD View,,,,,,https://www.bayut.com/to-rent/property/dubai/
Multiple Cheques|Large Layout|Furnished,,,,,,https://www.bayut.com/to-rent/property/dubai/
1 BR + STUDY | EQUIPPED KITCHEN | NEAR TO METRO,,,,,,https://www.bayut.com/to-rent/property/dubai/
Elegant 4BR | Luxury Living | Street View,,,,,,https://www.bayut.com/to-rent/property/dubai/
Spacious 4BHK  | Vacant | Fitted Street View,,,,,,https://www.bayut.com/to-rent/property/dubai/
Elegance 4BHK | Street View | Available Now,,,,,,https://www.bayut.com/to-rent/property/dubai/
Brand New Studio | Spacious | Ready to Move-in,,,,,,https://www.bayut.com/to-rent/property/dubai/
Brand New Apartment| Modern Living | With Storage,,,,,,https://www.bayut.com/to-rent/property/dubai/
Fully Furnished | Modern Unit | Great Location,,,,,,https://www.bayut.com/to-rent/property/dubai/
Vacant | Brand New Apartment | Best Price,,,,,,https://www.bayut.com/to-rent/property/dubai/
FULLY FURNISHED | BRAND NEW | READY TO MOVE IN | SPACIOUS LAYOUT,,,,,,https://www.bayut.com/to-rent/property/dubai/
Brand New 1 B/R | Vacant | Prime Location,,,,,,https://www.bayut.com/to-rent/property/dubai/
Best Price | 1BR | Call To Inquire,,,,,,https://www.bayut.com/to-rent/property/dubai/
Fitted Kitchen-High End Finishing-Low Floor,,,,,,https://www.bayut.com/to-rent/property/dubai/
Ready to Move | High Floor | Big Layout,,,,,,https://www.bayut.com/to-rent/property/dubai/
PREMIUM BUILDING | READY TO MOVE | FITTED KITCHEN,,,,,,https://www.bayut.com/to-rent/property/dubai/
Canal View | Prime Location | Motivated Seller,,,,,,https://www.bayut.com/to-rent/property/dubai/
Fully Furnished | Ready to Move | Kitchen Appliances,,,,,,https://www.bayut.com/to-rent/property/dubai/
